code,title,credit,type
ARTS017,Islamic Culture,6,0
ARTS035,Introduction to Philosophy,6,0
ENVI030,Environmental Science,6,0
GED 010,Academic Study Skills 1,12,0
GED 020,Academic Study Skills 2,6,0
GFP 000,Global Football Program,0,0
LHA 001,Preparing for HSC English,6,0
LHA 002,Controversies in History,6,0
LHA 003,Introduction to Visual Arts,6,0
MATH010,Enabling Mathematics for Engineers,6,0
MATH060,Foundation Mathematics for Business,6,0
MATH070,Foundation Mathematics for Computing,6,0
NOW 001,Academic Literacy,0,0
NOW 002,Numeracy,0,0
NOW 003,Technology for Learning,0,0
NOW 004,Positive Psychology,0,0
PSYC015,Introduction to Psychology,6,0
STEM001,"Sustainable Futures through Maths, Physics and Engineering",6,0
STEM002,Developing Systems to Solve Business Problems,6,0
UNI 001,Year 12 University Preparation Program,0,0
ACCY111,Accounting Fundamentals In Society,6,1
ACCY112,Accounting In Organisations,6,1
ARA 101,Arabic for Beginners 1A,6,1
ARA 102,Arabic for Elementary level users,6,1
ARCH102,Big Questions in Archaeology,6,1
AUST101,Australian Studies: Cultures and Identities,6,1
AUST102,Locating Australia: International Perspectives,6,1
BCM 110,Introduction to Communication and Media,6,1
BCM 111,Global Media and Culture,6,1
BCM 112,Emergent Media,6,1
BCM 113,Media Ethics and Law,6,1
BCM 114,Making Media,6,1
BCM 115,Introduction to Screen Media,6,1
BIOL103,"Molecules, Cells and Organisms",6,1
BIOL104,"Evolution, Biodiversity and Environment",6,1
BIOL105,Functional Biology of Animals and Plants,6,1
BNAN101,Introduction to Bionanotechnology,6,1
BUS 002,Responsible Business Decision-making,6,1
CACS103,Cultural Knowledges,6,1
CACW100,Introduction to Creative Writing,6,1
CACW101,Writing Foundation: Prose and Non-fiction,6,1
CACW103,Editing Foundation,6,1
CACW104,Text and Context,6,1
CACW105,Writing Foundation: Poetry,6,1
CACW106,Writing Foundation: Script,6,1
CAMS101,Music Skills 1,6,1
CAMS102,Music Skills 2,6,1
CAMS103,Introduction to Audio Production,6,1
CAMS104,Introduction to Music Production,6,1
CAMS105,Critical Studies in Music 1,6,1
CAPF103,Acting and Performance 1:  Improvisation and Physical Theatre,6,1
CAPF104,Acting and Performance 2:  Psychological Realism,6,1
CAPF105,Contemporary Theatre and Text,6,1
CAPF107,Voice & Body 1: Performance Presence,6,1
CAPF109,Voice & Body 2: Performance Awareness,6,1
CAPF110,Singing 1,6,1
CAPF111,Stagecraft 1:  Creative Technologies,6,1
CAPF112,Stagecraft 2:  Creative Technologies in Practice,6,1
CAVA105,Visual Arts & Design Foundation 1,12,1
CAVA106,Visual Arts & Design Foundation 2,12,1
CAVA107,100 Objects That Changed the World,6,1
CAVA111,Visual Arts Studio Workshop A,6,1
CAVA112,Visual Arts Studio Workshop B,6,1
CAVA123,Australian Aboriginal Arts,6,1
CAVA124,Introduction to Photography 1,6,1
CAVA125,Introduction to Photography 2,6,1
CAVA126,Introduction to Photography Intensive,6,1
CHEM101,Chemistry IA: Introductory Physical and General Chemistry,6,1
CHEM102,Chemistry 1B: Structure and Reactivity of Molecules for Life,6,1
CHEM103,Chemistry For Engineering,6,1
CHEM104,Foundation Chemistry: Properties of Matter,6,1
CHEM105,Foundation Chemistry: Reactions and Structures,6,1
CHEM106,Foundation Chemistry: Properties and Reactivity of Matter,6,1
COMM101,Principles of Responsible Business,6,1
COMM121,Statistics for Business,6,1
COMM191,Introductory Global Internship,0,1
CRL 100,Career Ready Learning,6,1
CSIT110,Fundamental Programming with Python,6,1
CSIT111,Programming Fundamentals,6,1
CSIT113,Problem Solving,6,1
CSIT114,System Analysis,6,1
CSIT115,Data Management and Security,6,1
CSIT121,Object Oriented Design and Programming,6,1
CSIT127,Networks and Communications,6,1
CSIT128,Introduction to Web Technology,6,1
CSIT180,Introductory Global Internship,0,1
CST 120,Culture and Society,6,1
CST 130,Cultures in Context,6,1
ECON100,Economic Essentials for Business,6,1
ECON102,Economics and Society,6,1
EDLE100,Learning in Higher Education,6,1
EDLL101,Language and Learning,6,1
EDMM101,Mathematics Foundations,6,1
EDPD100,Introduction to the Profession,6,1
EDPH101,About Young People,6,1
EDPH102,Meanings of Health,6,1
EDSC102,Science Content Knowledge for Educators,6,1
EDSO101,Education and Society,6,1
EESC101,Planet Earth,6,1
EESC102,Earth's Interconnected Spheres,6,1
EESC103,Earth's Dynamic Surface,6,1
EESC105,Introductory Geospatial Analysis,6,1
ELL 110,Language as a Cultural Tool,6,1
ELL 151,Effective Spoken Communication (NESB),6,1
ELL 152,Effective Written Communication (NESB),6,1
ELL 182,Effective Academic Writing,6,1
ENGG100,Engineering Computing and Analysis,6,1
ENGG102,Fundamentals of Engineering Mechanics,6,1
ENGG103,Materials in Design,6,1
ENGG104,Electrical Systems,6,1
ENGG105,Engineering Design for Sustainability,6,1
ENGL120,Understanding Literature and Film,6,1
ENGL131,Australian Fiction and Film,6,1
EYCA102,Creative Arts Education in Early Childhood Settings,6,1
EYFE102,"Childhood Sociology: Children in the Family, Community and Society",6,1
EYHS101,"Children’s Health, Safety and Wellbeing",6,1
EYIT101,Engaging with Technology in Early Childhood Education,6,1
EYLL102,Language and Literacy in Early Childhood,6,1
EYMP101,Early Childhood Contexts,6,1
EYPD102,Observing Children,6,1
EYPP101,Play and Pedagogy,6,1
EYPP112,Professional Partnerships,6,1
FIN 111,Introductory Principles of Finance,6,1
FREN151,French for Beginners 1,6,1
FREN152,French for Beginners 2,6,1
GEOG121,Life in a Globalising World,6,1
GEOG122,Living in a Material World,6,1
GEOG123,Indigenous Geographies: Questioning Country,6,1
HAS 115,Chronic Disease Prevention and Control,6,1
HAS 121,Human Development in Social Context,6,1
HAS 125,Public Health Achievements and Challenges,6,1
HAS 130,Social Determinants of Health,6,1
HAS 131,Introducing Crime and Justice,6,1
HAS 135,Global Health Perspectives on Infectious Diseases,6,1
HAS 140,Health Communication,6,1
HAS 160,Food and Society I: The What and Why of Food,6,1
HIST110,The Medieval World and Beyond,6,1
HIST111,Age of Revolutions,6,1
HIST112,Lost Worlds: The 'Big History' of Ancient History,6,1
INDS130,Indigenous Knowledge in Global Contexts,6,1
INDS150,Introduction to Indigenous Australia,6,1
INTS100,Introduction to International Studies,6,1
INTS121,Global Politics and Power,6,1
ITAL151,Italian for Beginners 1,6,1
ITAL152,Italian for Beginners 2,6,1
JAPA141,Beginner Japanese 1,6,1
JAPA142,Beginner Japanese 2,6,1
JRNL101,Media Reporting and Storytelling 1,6,1
JRNL102,Multimedia Reporting and Production,6,1
JRNL103,Social Media Practices in Journalism,6,1
JRNL104,Feature Journalism,6,1
LAW 101,Introduction to Law,6,1
LHA 101,"Introduction to Humanities, Arts and Social Sciences",6,1
LHA 102,Dean's Scholars Seminar,6,1
LLB 100,Foundations of Law A,8,1
LLB 110,Legal Research and Writing,4,1
LLB 120,Law of Contract A,8,1
LLB 130,Criminal Law and Process A,8,1
LLB 140,Advocacy Skills,2,1
LLB 150,Communication Skills,2,1
LLB 160,Foundations of Law B,8,1
LLB 170,Law of Contract B,8,1
LLB 180,Criminal Law and Process B,8,1
LLB 197,Lawyers and Australian Society,6,1
LLB1100,Foundations of Law,6,1
LLB1115,Legal Skills,6,1
LLB1120,Law of Contract A,6,1
LLB1130,Criminal Law and Procedure A,6,1
LLB1160,Interpreting the Law,6,1
LLB1170,Law of Contract B,6,1
LLB1180,Criminal Law and Procedure B,6,1
LLB1197,Ethics and Professional Responsibility,6,1
MAND151,Chinese (Mandarin) for Beginners 1,6,1
MAND152,Chinese (Mandarin) for Beginners 2,6,1
MAND161,Chinese (Mandarin) for Character Background Students (CBS) 1,6,1
MAND162,Chinese (Mandarin) for Character Background Students (CBS) 2,6,1
MARK101,Marketing Principles,6,1
MATH100,Introduction to Mathematics,6,1
MATH110,Advanced Mathematics,6,1
MATH123,Discrete Mathematics and Difference Equations,6,1
MATH131,Essentials of Numeracy and Mathematics for Educators,6,1
MATH132,Unlocking Mathematical Tools for Primary Educators,6,1
MATH141,Foundations of Engineering Mathematics,6,1
MATH142,Essentials of Engineering Mathematics,6,1
MATH151,General Mathematics 1A,6,1
MATH179,Introductory Business Mathematics,6,1
MATH187,Mathematics 1:  Algebra and Differential Calculus,6,1
MATH188,Mathematics 2:  Series and Integral Calculus,6,1
MEDA102,Alternative Cinemas,6,1
MEDI100,Human Structure and Function,6,1
MEDI111,Introduction to Anatomy and Physiology I,6,1
MEDI112,Introduction to Anatomy and Physiology II,6,1
MEDI113,"Physiology of Sport, Exercise and Physical Activities",6,1
MEDI128,Reasoning in Medical Ethics and Physical Sciences,6,1
MEDI142,Introduction to Aboriginal & Torres Strait Islander Health,6,1
MEDI143,Working effectively in Aboriginal & Torres Strait Islander Health,6,1
MEDI150,Fundamental Concepts in Food and Nutrition,6,1
MEDI151,Healthy Ageing,6,1
MEDI160,Scientific Literacy,6,1
MGNT102,Business Communications,6,1
MGNT110,Introduction to Management,6,1
NMIH102,Patterns of Knowing in Nursing,6,1
NMIH105,Primary Health Care Nursing,6,1
NMIH108,Introduction to Health Behaviour Change,6,1
OPS 113,Business Oriented Information Systems,6,1
PHIL106,"Media, Art and Society",6,1
PHIL107,Introduction to Philosophy,6,1
PHIL151,Logic: The Art of Reasoning,6,1
PHYS114,Analysis and modelling of physical systems,6,1
PHYS141,Fundamentals of Physics A,6,1
PHYS142,Fundamentals of Physics B,6,1
PHYS143,Physics For Engineers,6,1
PHYS154,"Energy, Climate Change and Human Society",6,1
PHYS155,Introduction to Biomedical Physics,6,1
POL 150,"Government, Power and Political Systems",6,1
PSYC101,Introduction to Behavioural Science,6,1
PSYC116,Psychology of Physical Activity and Health,6,1
PSYC120,Critical Thinking and Communication Skills in Psychology,6,1
PSYC121,Foundations of Psychology A,6,1
PSYC122,Foundations of Psychology B,6,1
PSYC123,Research Methods and Statistics,6,1
PSYS150,Foundations of Human Development and Behaviour,6,1
SCED101,Conceptions of Science,6,1
SCIE103,Climate Change,6,1
SCII101,Global Challenges in Science,6,1
SMAH001,An Introduction to University Science,6,1
SNUG101,Fundamentals of Nursing,6,1
SNUG102,Nursing as a Profession,6,1
SNUG103,Anatomy and Physiology for Nurses,6,1
SNUG104,Workplace Experience 1,6,1
SNUG105,Person and Family Centred Care,6,1
SNUG106,Nursing care for Older People,6,1
SNUG107,Primary Health Care,6,1
SNUG108,Workplace Experience 2,6,1
SOC 103,Introduction to Sociology,6,1
SOC 104,Investigating Society,6,1
SOWK101,Introduction to Social Work,6,1
SOWK140,Working with Service Users and Carers,6,1
SPAN151,Spanish for Beginners 1,6,1
SPAN152,Spanish for Beginners 2,6,1
STAT101,Introduction to Statistics,6,1
STC 100,"Environment, Technology and Culture",6,1
STS 112,Changing Perceptions of Nature,6,1
VAD 190,Design Principles,6,1
VAD 192,Design Practice,6,1
VCD 101,Introduction to Visual Communication Design,6,1
VCD 102,Interaction Design Fundamentals,6,1
WCIV101,The Great Conversation,6,1
WCIV102,Classics of Ancient Greece,6,1
WCIV103,"Wisdom, Truth and Reason",6,1
WCIV104,Aesthetics: Masterpieces of Western Art and Architecture,6,1
WCIV105,Classics of the Roman Republic and Empire,6,1
WCIV106,The Good Life and the Virtues,6,1
XINT100,Cross Institutional,0,1
ACCY200,Financial Accounting IIA,6,2
ACCY201,Financial Accounting IIB,6,2
ACCY211,Management Accounting II,6,2
ACCY228,Taxation for Financial Planners,6,2
ACCY231,Information Systems in Accounting,6,2
AENG200,History of Architectural Design,6,2
AENG201,Architectural Engineering Design 1: Net Zero Energy Houses,6,2
ARCH202,World Archaeology,6,2
BCM 206,Future Networks,6,2
BCM 210,Research Practices in Media and Communication,8,2
BCM 212,Understanding Research Practice,6,2
BCM 214,Digital and Social Innovation,6,2
BCM 215,Game Media Industries,6,2
BCM 216,Transmedia Storytelling,6,2
BCM 217,Documentary,6,2
BCM 222,Global Media and Social Justice,6,2
BCM 240,"Media, Audience, Place",8,2
BCM 241,Media Ethnographies,6,2
BCM 289,Transnational Media and Culture Industries,6,2
BIOL213,Principles of Biochemistry,6,2
BIOL214,The Biochemistry of Energy and Metabolism,6,2
BIOL215,Introductory Genetics,6,2
BIOL240,Biodiversity of Marine and Freshwater Organisms,6,2
BIOL241,Biodiversity of Terrestrial Organisms,6,2
BIOL251,Principles of Ecology,6,2
BIOL252,Evolution and Behaviour,6,2
BMEG201,Biomedical Instrumentation and Design,6,2
BNAN201,Biology at the Nanoscale,6,2
CACW201,Poetry Studio,6,2
CACW202,Script Studio,6,2
CACW203,Prose Studio,6,2
CACW231,"Writing, Representation and Power",6,2
CACW232,Writing and Critical Theory,6,2
CAGD231,Visual Communication Design Theory 1,6,2
CAGD232,Visual Communication Design Theory 2,6,2
CAMS201,Music Studio 1,6,2
CAMS202,Music Studio 2,6,2
CAMS203,Recording Studio,6,2
CAMS231,Critical Studies in Music 1,6,2
CAMS232,Critical Studies in Music 2,6,2
CAOS201,Social Intersections,6,2
CAOS202,Word and Image,6,2
CAOS203,Video,6,2
CAOS204,Sound Design,6,2
CAPA211,Technical Theatre: Production 1,6,2
CAPA212,Technical Theatre: Production 2,6,2
CAPA216,Lighting,6,2
CAPF201,"Performance Skills 3: Acting, Movement, Singing, Voice",6,2
CAPF202,"Performance Skills 4: Acting, Movement, Singing, Voice",6,2
CAPF203,Generative Performance Skills 1,6,2
CAPF211,Performance Production 1,6,2
CAPF212,Performance Production 2,6,2
CAPF215,Scene-work 1: Engaging with Text,6,2
CAPF216,Scene-work 2: Form and Genre,6,2
CAPF221,Theatre Studio: Performance Workshop,6,2
CAPF222,Theatre Studio: Methodologies,6,2
CAPF231,Contemporary Theatre and Text,6,2
CAPF232,Contemporary Australian Theatre and its Context,6,2
CAVA201,Visual Arts Studio 1,6,2
CAVA202,Visual Arts Studio 2,6,2
CAVA203,Visual Arts Studio 3,6,2
CAVA211,Visual Arts Studio Workshop D,6,2
CAVA212,Visual Arts Studio Workshop E,6,2
CAVA213,Visual Arts Studio Workshop F,6,2
CAVA224,Advanced Photography 1,6,2
CAVA225,Advanced Photography 2,6,2
CAVA226,Advanced Photography Intensive,6,2
CAVA231,"Visual Art, Modernism and the Avant-garde",6,2
CAVA232,Contemporary Indigenous Art: Theory and Practice,6,2
CHEM200,Living in a Molecular World,6,2
CHEM211,Inorganic Chemistry II,6,2
CHEM212,Organic Chemistry II,6,2
CHEM213,"Molecular Structure, Reactivity and Change",6,2
CHEM214,Analytical and Environmental Chemistry,6,2
CHEM215,Food Chemistry,6,2
CIVL201,Computer Modelling in Civil Engineering,6,2
CIVL245,Construction Materials,6,2
CIVL272,Surveying,6,2
COMM292,Global Internship,6,2
CRLP200,Career Ready Learning & Practice,6,2
CSCI203,Algorithms and Data Structures,6,2
CSCI235,Database Systems,6,2
CSCI236,3D Modelling and Animation,6,2
CSCI251,Advanced Programming,6,2
CSCI262,System Security,6,2
CSCI291,Programming for Engineers,6,2
CSIT214,IT Project Management,6,2
CSIT226,Human Computer Interaction,6,2
CSIT242,Mobile Application Development,6,2
CST 244,The Secret Life of Policy,6,2
CST 245,Critical Thinking,6,2
ECON205,Macroeconomic Theory and Policy,6,2
ECON208,"Gender, Work and the Family",6,2
ECON215,Microeconomic Theory and Policy,6,2
ECON216,International Economics,6,2
ECON222,Mathematics for Business,6,2
ECON231,The Creative Economy,6,2
ECON251,Industry and Trade in Asia,6,2
ECTE202,Circuits and Systems,6,2
ECTE203,Signals and Systems,6,2
ECTE212,Electronics,6,2
ECTE213,Engineering Electromagnetics,6,2
ECTE233,Digital Hardware,6,2
ECTE250,Engineering Design and Management 2,6,2
EDCM202,Classroom Management: Creating Positive Learning Environments,6,2
EDEI202,Integrating ICT Across the KLAs,6,2
EDER202,Dean's Scholars Project,6,2
EDKG202,History and Geography in Primary Schools,6,2
EDKL200,Language and Literacy 1: The Early Years,6,2
EDKL202,Language and Literacy 2: Teaching the Constrained Skills in Context,6,2
EDKM201,Mathematics Content and Pedagogy 1,6,2
EDKM202,Mathematics Content and Pedagogy 2,6,2
EDKP201,"Personal Development, Health & Physical Education Content & Pedagogy",6,2
EDPD201,Professional Development 1: The Learning Environment,6,2
EDPD202,Professional Development 2: The Teacher as Managing Professional,6,2
EDPE202,Health Promotion,6,2
EDPE203,Principles and Practices of Coaching,6,2
EDPM201,Performing and Teaching Rhythmic Movement Activities,6,2
EDPM202,Analysis of Games and Sport 1,6,2
EDPM204,Foundations of Movement Skill Acquisition,6,2
EDPM205,Promoting Lifelong Physical Activity,6,2
EDPS200,Education Foundations: Introduction to Teacher Education,6,2
EDPS201,Quality Teaching and Learning in Secondary Education I,6,2
EDPS222,Teachers as Communicators,6,2
EDPX200,Professional Experience Support Module,2,2
EDSM202,Mathematics Pedagogy 1,6,2
EDSS202,Science Pedagogy 1,6,2
EDUP235,Biomechanics For Educators,6,2
EESC202,Shaping Earth's Surface,6,2
EESC203,Biogeography and Environmental Change,6,2
EESC207,Advanced Geospatial Analysis,6,2
EESC209,"G-cubed: Geochemistry, Geochronology, Geophysics",6,2
EESC250,Field Geology,6,2
EESC252,Geology for Engineers I,6,2
ELL 230,Communication Across Cultures,6,2
ELL 272,"Analysing Language, text and meaning",6,2
ENGG202,"Introduction to the F SAE Project - Design, Technology & Management",6,2
ENGG251,Mechanics of Solids,6,2
ENGG252,Engineering Fluid Mechanics,6,2
ENGG255,Professional Option 2,6,2
ENGL271,The Romantics,6,2
ENGL274,Victorians,6,2
ENGL275,US Literature,6,2
ENGL276,Dreams and Visions in Literature and Film,6,2
ENGL277,World Literatures,6,2
ENGL279,Exploring Popular Literature,6,2
ENVE220,Water Quality and Ecological Engineering,6,2
ENVE221,Air and Noise Pollution Control Engineering,6,2
EYAE202,Aboriginal Education for Booris,6,2
EYCD201,Child Development: Concepts and Foundations,6,2
EYDC201,Child Development and Care,6,2
EYED201,Inclusion of Children with Additional Needs in Early Years Education,6,2
EYEM202,Music and Movement in Early Childhood,6,2
EYEN202,Numeracy in Early Childhood,6,2
EYEP201,Effective Partnerships for Early Childhood Professionals,6,2
EYHS202,"Children's Health, Safety and Wellbeing",6,2
EYIT202,STEM in Early Childhood,6,2
EYPD201,Curriculum Content and Programming,6,2
EYPE202,Physical Environments for Learning in the Early Years,6,2
FIN 222,Corporate Finance,6,2
FIN 223,Investment Analysis,6,2
FIN 226,Financial Markets & Institutions,6,2
FIN 241,International Financial Management,6,2
FIN 252,Personal Finance,6,2
FREN230,The Making of France and the French Nation,6,2
FREN241,Intermediate French 1,6,2
FREN242,Intermediate French 2,6,2
GEOG221,"Population Geography: People, Place, Inequality",6,2
GEOG222,"Society and Environment: Resources, Challenges, Futures",6,2
GEOG224,"The Future of Food: Resilience, Communities and Policy",6,2
GEOG231,Maps and Apps for Social Scientists,6,2
GEOG241,Urban Geographies: Just and Sustainable Cities?,6,2
GEOG251,"Disaster Geographies: Risk, Policy, Management",6,2
GEOG292,Social Science Research Internship,6,2
GEOS215,"Sedimentology, Stratigraphy and Palaeoenvironments",6,2
HAS 200,Social Justice in a World of Inequality,6,2
HAS 201,Work Health & Safety,6,2
HAS 202,Introduction to Social Policy,6,2
HAS 205,Quantitative Research Design and Analysis,6,2
HAS 210,Introduction to WHS Risk Management,6,2
HAS 215,Healthy Public Policy,6,2
HAS 220,Becoming a Social Scientist: Interdisciplinary Competencies,6,2
HAS 231,Promoting the Public's Health,6,2
HAS 233,"Leadership, Scholarship and Social Change",6,2
HAS 234,Research Methods in the Social Sciences,6,2
HAS 235,Productivity & Design of Work,6,2
HAS 251,Introduction to Epidemiology,6,2
HAS 262,Explaining Crime,6,2
HAS 265,Food and Society II: Community Settings and Practice,6,2
HAS 270,Sociology of Food and Nutrition,6,2
HIST257,The World After 1945,6,2
HIST262,Ancient History: Rome,6,2
HIST281,Hands-On History,6,2
HIST283,Film and History,6,2
HIST293,China since 1949,6,2
HUMA272,Humanitarian Studies,6,2
INDS205,Indigenous Peoples and the Environment,6,2
INDS206,Aboriginal Art and Culture,6,2
INDS207,Indigeneity in the Contemporary World,6,2
INDS208,Working with Indigenous Communities,6,2
INTS200,Model United Nations,6,2
INTS204,Global Aid and Development: Challenges and Prospects,6,2
INTS206,Methods in International Studies and Politics,6,2
INTS207,"Conflict, Peace & Security",6,2
INTS208,War and Humanitarianism,6,2
ISIT200,Industry Placement,0,2
ISIT204,Principles of eBusiness,6,2
ISIT207,Frontend Web Programming,6,2
ISIT208,Strategic Systems Management,6,2
ISIT212,Corporate Network  Planning and Design,6,2
ISIT219,Knowledge and Information Engineering,6,2
ISIT224,Management Information Systems,6,2
ITAL230,Italy: Past and Present,6,2
ITAL241,Intermediate Italian 1,6,2
ITAL242,Intermediate Italian 2,6,2
JAPA220,The Making of a Globalised Japan,6,2
JAPA241,Intermediate Japanese 1,6,2
JAPA242,Intermediate Japanese 2,6,2
JRNL201,Media Reporting and Storytelling 2,6,2
JRNL202,Mobile Journalism,6,2
JRNL203,Audio Journalism Production 1,6,2
JRNL204,Video Journalism Production 1,6,2
JRNL212,Magazine and Lifestyle Journalism,6,2
JRNL250,Professional Writing 1,6,2
LAW 284,Politics of Justice,6,2
LHA 200,Special Topics A,2,2
LHA 204,Special Topics B,2,2
LLB 220,Property and Trusts A,8,2
LLB 230,Administrative Law,8,2
LLB 240,Law of Torts,8,2
LLB 250,Drafting Skills,2,2
LLB 260,Dispute Management Skills,2,2
LLB 270,Property and Trusts B,8,2
LLB 280,Constitutional Law,8,2
LLB 290,Legal Theory,8,2
LLB2220,Property Law,6,2
LLB2225,Advanced Legal Skills,6,2
LLB2230,Administrative Law,6,2
LLB2240,Law of Torts,6,2
LLB2270,Equity and Trusts,6,2
LLB2280,Constitutional Law,6,2
LLB2290,Jurisprudence,6,2
MAND231,Intermediate Chinese (Mandarin) 1,6,2
MAND232,Intermediate Chinese (Mandarin) 2,6,2
MAND271,Comparative studies of China and Australia 1,6,2
MAND272,Comparative Studies of China and Australia 2,6,2
MARE200,Introduction to Oceanography,6,2
MARK205,Introductory Marketing Research,6,2
MARK213,Marketing Principles,6,2
MARK217,Consumer Behaviour,6,2
MARK220,Public Relations Writing,6,2
MARK221,Public Relations Concepts,6,2
MARK233,Marketing & Digital Communication,6,2
MARK250,Advertising Practice and Creative Strategies,6,2
MARK270,Services Marketing,6,2
MATE201,Structure of Materials,6,2
MATE202,Thermodynamics and Phase Equilibria,6,2
MATE203,Phase Transformations,6,2
MATE204,Mechanical Behaviour of Materials,6,2
MATE205,Materials Characterisation Techniques,6,2
MATH201,Multivariate and Vector Calculus,6,2
MATH202,Differential Equations: Analysis and Applications,6,2
MATH203,Linear Algebra and Groups,6,2
MATH205,Numerical Methods,6,2
MATH212,Mathematical Modelling,6,2
MATH221,Mathematics for Computer Science,6,2
MATH222,Real Analysis,6,2
MATH223,Mathematics for Information Technology,6,2
MATH235,Mathematics Project A,6,2
MATH270,Reflective Communication of Mathematics,6,2
MATH283,Advanced Engineering Mathematics and Statistics,6,2
MATH291,Differential Equations,3,2
MECH201,Engineering Analysis,6,2
MECH203,Mechanical Engineering Practice,0,2
MECH215,Mechanical Engineering Design 1,6,2
MECH226,Machine Dynamics,6,2
MECH252,"Thermodynamics, Experimental Methods and Analysis",6,2
MEDA202,Tangible Media,6,2
MEDI210,Histology,6,2
MEDI211,Control Mechanisms Physiology,6,2
MEDI212,Introduction to Pathophysiology,6,2
MEDI213,Nutritional Physiology,6,2
MEDI220,Musculoskeletal Functional Anatomy,6,2
MEDI221,Exercise Physiology,6,2
MEDI222,Foundations of Biomechanics,6,2
MEDI231,Measurement of diet and health promotion,6,2
MEDI240,Current Services in Indigenous Health,6,2
MEDI241,Aboriginal & Torres Strait Islander Health Research,6,2
MEDI251,Nutritional Epidemiology,6,2
MEDI258,Human Neuromechanics,6,2
MGNT201,Organisational Behaviour,6,2
MGNT205,Recruitment & Selection,6,2
MGNT206,Managing Human Resources,6,2
MGNT207,Employee Relations Management,6,2
MGNT208,Introduction to Management for Professionals A,6,2
MGNT210,Managing Across Cultures,6,2
MGNT220,Organisational Analysis,6,2
MINE211,Surface Mining Methods,6,2
MINE220,Underground Mining Methods,6,2
MINE234,Computer Applications in Mining Engineering,6,2
NMIH205,Cultural Competence in Health Care Practice,6,2
OPS 200,Management and Electronic Business,6,2
OPS 216,Operations Management,6,2
OPS 256,Systems Thinking and Simulation,6,2
OPS 257,Principles of Supply Chain Management,6,2
PHIL218,"Ethics: Good, Bad and Evil",6,2
PHIL219,"Knowledge, Science and Understanding",6,2
PHIL226,Global Ethics,6,2
PHIL227,The Meaning of Life: Absurdity and Existence,6,2
PHIL234,"Philosophy of Mind: Mind, Body and World",6,2
PHIL235,International Studies in Philosophy,6,2
PHIL236,Philosophy in Film and Literature,6,2
PHIL256,"Environmental Philosophy: Animals, Nature and Ethics",6,2
PHYS205,Advanced Modern Physics,6,2
PHYS206,Project in Physics,6,2
PHYS215,"Vibrations, Waves & Optics",6,2
PHYS225,Electromagnetism and Optoelectronics,6,2
PHYS233,Introduction to Environmental Physics,6,2
PHYS235,Mechanics & Thermodynamics,6,2
PHYS255,Radiation Physics,6,2
PHYS295,Astronomy - Concepts of the Universe,6,2
POL 201,Key Concepts and Thinkers in Political Theory,6,2
POL 204,Politics and the Media,6,2
POL 221,Australian Politics,6,2
PSYC216,Psychology of Physical Activity and Health,6,2
PSYC231,Personality,6,2
PSYC234,Biological Psychology and Learning,6,2
PSYC236,Cognition and Perception,6,2
PSYC241,Developmental and Social Psychology,6,2
PSYC250,Quantitative Methods in Psychology,6,2
PSYC251,Psychology of Abnormality,6,2
SCIE292,Science Research Internship,6,2
SCIP200,Chemistry and Molecular Bioscience Studies,6,2
SCIP201,Chemistry and/or Cell and Molecular Biology Research Internship,6,2
SCIP210,"Earth, Atmospheric and Life Sciences Studies",6,2
SCIP211,"Earth, Atmospheric and Life Sciences Research Internship",6,2
SMAH002,"Health for Now, Health for the Future",6,2
SNUG201,Acute Care Nursing,6,2
SNUG202,Evidence Based Practice,6,2
SNUG203,Pathophysiology and Pharmacology for Nurses,6,2
SNUG204,Workplace experience 3,6,2
SNUG205,Continuing Care,6,2
SNUG206,Mental Health – Psychiatric Nursing Care,6,2
SNUG207,Aboriginal and Torres Strait Islander Health,6,2
SNUG208,Workplace Experience 4,6,2
SOC 207,Introduction to Social Theory,6,2
SOC 227,Genders and Sexualities,6,2
SOC 234,Social Research Methods,6,2
SOC 235,Living with Animals,6,2
SOC 238,Happiness: Investigating its Causes and Conditions,6,2
SOC 247,"Punishment: Purpose, Practice, Policy",6,2
SOC 251,"Genetics, Biotechnology and Society",6,2
SOC 280,Work Cultures,6,2
SOWK234,Welfare State and Human Services,6,2
SOWK235,Fields of Practice: Mental Health,6,2
SOWK236,Approaches and Skills: Group Work,6,2
SOWK237,Social Work and the Law,6,2
SOWK238,Approaches and Skills: Working with Individuals and Families I,6,2
SOWK241,Perspectives on Diversity,6,2
SPAN230,The Hispanic World,6,2
SPAN241,Intermediate Spanish 1,6,2
SPAN242,Intermediate Spanish 2,6,2
STAT201,Random Variables and Estimation,6,2
STAT202,Statistical Inference and Introduction to Model Building,6,2
STAT235,Statistics Project A,6,2
STAT251,Fundamentals of Biostatistics,6,2
STAT252,Statistics For the Natural Sciences,6,2
STAT291,Engineering Statistics,3,2
STS 209,Science and Culture,6,2
STS 216,"Environmental Sustainability, Risk and Governance",6,2
STS 286,"Risk, Media and Communication",6,2
VCD 201,Typography,6,2
VCD 203,Social Impact Design,6,2
ACCY305,Financial Accounting III,6,3
ACCY312,Management Accounting III,6,3
ACCY342,Auditing and Assurance Services,6,3
ARCH300,Directed Studies in Archaeology,6,3
ARCH301,Archaeology in Action: Understanding the Archaeological record,6,3
ARCH302,Digging Down Under: Archaeology of Australasia,6,3
ARCH303,"Dung, death and decay: modern methods in Archaeology",6,3
BCM 300,Game Experience Design,6,3
BCM 302,Advanced Digital Media Project,6,3
BCM 303,Collaborative Production Workshop,6,3
BCM 304,Global Screen Project,6,3
BCM 310,Emerging Issues in Media & Communication,8,3
BCM 312,Emerging Issues in Media & Communication,6,3
BCM 313,The Future of Work,6,3
BCM 320,Digital Asia,6,3
BCM 322,Global Media Interventions,6,3
BCM 325,Future Cultures,6,3
BCM 331,"Australian Content, Global Context",6,3
BCM 332,Global Media Interventions,8,3
BCM 333,Hollywood and Beyond: Film festival and genre in global context,6,3
BIOL340,Cell and Molecular Biology,6,3
BIOL341,Immunity and Infection,6,3
BIOL342,Biomedical Research:Skills and Techniques,6,3
BIOL343,Techniques in Biotechnology and Medical Research,6,3
BIOL360,Applications in Conservation Biology,6,3
BIOL361,Conservation Biology,6,3
BIOL362,Ecophysiology,6,3
BIOL365,Marine and Terrestrial Ecology,6,3
BMEG301,Mechanics of Biomedical Systems,6,3
BMEG302,Biomedical Sensors and Actuators,6,3
BMEG303,Biomechanical Basis of Human Movement,6,3
BMEG304,Manufacturing Techniques for Biomedical Engineering,6,3
BMEG305,Mechanical Design of Biomedical Devices,6,3
BMEG306,Biomaterials and Tissue Engineering,6,3
BNAN301,Research Project in Bionanotechnology,12,3
CACS301,Professional Practice,6,3
CACS302,Creative Arts Internship,6,3
CACS331,Contemporary Theory and Research Practice,6,3
CACS332,Dean's Scholars Contemporary Theory and Research Practice,6,3
CACW301,Writing Across Borders,6,3
CACW303,Genre and Form,6,3
CACW390,Creative Writing Major Project,12,3
CAMS301,Music Studio 3,6,3
CAMS331,Music and Culture,6,3
CAMS390,Music Major Project,12,3
CAPA311,Technical Theatre: Production 3,6,3
CAPA390,Technical Theatre: Major Production,12,3
CAPF301,"Performance Skills 5: Acting, Movement, Singing, Voice",6,3
CAPF303,Generative Performance Skills 2,6,3
CAPF311,Performance Production 3,6,3
CAPF315,Scene-work 3,6,3
CAPF316,Scene-work 4,6,3
CAPF331,Theory and Practice of Theatre in the 20th and 21st Century,6,3
CAPF333,"Theatre, Politics and Spectatorship",6,3
CAPF390,Major Performance Production,12,3
CAVA301,Visual Arts Workshop,6,3
CAVA311,Visual Arts Studio Workshop G,6,3
CAVA324,Advanced Photography 3,6,3
CAVA331,Contemporary Artworlds,6,3
CAVA332,"Art, Nature and the Environment",6,3
CAVA390,Visual Arts and Photography Major Project,12,3
CHEM324,Chemical Analysis and Inference,6,3
CHEM325,"Bioinformatics:Genome, Genes and Biomolecules",6,3
CHEM333,Drug Discovery and Medicinal Chemistry,6,3
CHEM337,Environmental Chemistry,6,3
CHEM358,Pharmacology,6,3
CHEM360,Organic Synthesis III,6,3
CHEM370,Modern Inorganic and Bio-inorganic Chemistry,6,3
CHEM374,Molecular Spectroscopy and Structure Elucidation,6,3
CIVL311,Structural Design 1,6,3
CIVL314,Structural Design 2,6,3
CIVL322,Hydraulics and Hydrology,6,3
CIVL352,Structures 1,6,3
CIVL361,Geomechanics,6,3
CIVL394,Construction,6,3
COMM330,Economics and Finance Applied Research Project,6,3
COMM331,Integrative Business Capstone,6,3
COMM333,Integrative Research Capstone,6,3
COMM335,Business International Study Tour,6,3
COMM391,Professional Experience in Business,6,3
CSCI301,Contemporary Topics in Security,6,3
CSCI316,Big Data Mining Techniques and Implementation,6,3
CSCI317,Database Performance Tuning,6,3
CSCI318,Software Engineering Practices & Principles,6,3
CSCI319,Distributed Systems and Cloud Computing,6,3
CSCI322,Systems Administration,6,3
CSCI334,Software Design,6,3
CSCI336,Interactive Computer Graphics,6,3
CSCI356,Game Engine Essentials,6,3
CSCI361,Cryptography and Secure Applications,6,3
CSCI366,Mobile Multimedia,6,3
CSCI368,Network Security,6,3
CSCI369,Ethical Hacking,6,3
CSCI376,Multicore and GPU Programming,6,3
CSIT302,Cybersecurity,6,3
CSIT314,Software Development Methodologies,6,3
CSIT321,Project,12,3
CSIT395,Dean's Scholar Research Project,6,3
CST 333,Hollywood and Beyond: Genres Across Cultures,8,3
CST 371,Race and Place,6,3
DIGC330,Digital Asia,8,3
ECON303,Economic Development Issues,6,3
ECON304,The Historical Foundations of the Modern Australian Economy,6,3
ECON305,Economic Policy,6,3
ECON309,Environmental and Natural Resource Economics,6,3
ECON316,History of Economic Thought,6,3
ECON318,Economics of Health and Human Resources,6,3
ECON331,Financial Economics,6,3
ECON339,Applied Financial Modelling,6,3
ECTE301,Digital Signal Processing,6,3
ECTE323,Power Engineering 2,6,3
ECTE324,Power Engineering 1,6,3
ECTE331,Real-time Embedded Systems,6,3
ECTE333,Microcontroller Architecture and Applications,6,3
ECTE344,Control Theory,6,3
ECTE350,Engineering Design and Management 3,6,3
ECTE355,Scholars Project,6,3
ECTE363,Communication Systems,6,3
ECTE364,Data Communications,6,3
ECTE399,Professional Experience,0,3
EDAE302,Aboriginal Education,6,3
EDEC302,The Psychology of Exceptional Children,6,3
EDEI312,Designing Effective ICT-based Learning Environments,6,3
EDEL302,Children's Literature in the Early Years,6,3
EDEX303,International Teaching Project,6,3
EDFE302,Education Foundations: Cognition & Communication in the Classroom,6,3
EDKL301,Language and Literacy 3: The Later Primary Years,6,3
EDKM302,Mathematics Content and Pedagogy 2,6,3
EDKP301,"Personal Development, Health & Physical Education Content & Pedagogy",6,3
EDLD302,Teaching Culturally and Linguistically Diverse Students,6,3
EDLE301,Learners With Exceptional Needs,6,3
EDPD301,Professional Development 3: The Teacher as Researcher,6,3
EDPH300,"Promoting Wellbeing 2: Sexual Health, Relationships and Sexualities",6,3
EDPH312,"Promoting Wellbeing 1: Safe Living, Road Safety and Drugs",6,3
EDPM301,Analysis of Games and Sport 2,6,3
EDPS301,Quality Teaching and Learning in Secondary Education II,6,3
EDPS302,Creating Positive Learning Environments,6,3
EDSC301,K-6 Science and Technology: Curriculum and Pedagogy,6,3
EDUP366,Independent Project in Education,6,3
EESC320,Project Management in the Earth and Environmental Sciences,6,3
EESC321,"Plate Tectonics, Macrotopography and Earth History",6,3
EESC322,Coastal Environments: Process and Management,6,3
EESC323,Fluvial Geomorphology and Sedimentology,6,3
EESC326,Resources and Environments,6,3
EESC328,"Dung, Death and Decay: Modern scientific methods in archaeology",6,3
EESC330,Advanced field skills in the Earth Sciences,6,3
EESC331,Changing Global Environments,6,3
ELL 330,World Englishes,6,3
ENGG355,Professional Option 3,6,3
ENGG371,Scholars Research Project 3,6,3
ENGG378,Sustainable Energy Technologies,6,3
ENGL361,The Modernists,6,3
ENGL378,Special Topic in English Literature,6,3
ENGL379,Desiring Bodies: Gender & Sexuality in Literature & Film,6,3
ENGL381,Animals and Ecology in Literature and Film,6,3
ENGL383,English and Creative Writing Capstone: Ways of Reading and Writing,6,3
ENGL385,Literature and Critical Thought,6,3
ENVE311,Pollution Control and Cleaner Production,6,3
ENVE320,Environmental Engineering Design for Sustainability,6,3
ENVE377,Membrane Science and Technology,6,3
ENVE383,Environmental Engineering,6,3
EXAR006,Exchange Subject,6,3
EXAR008,Exchange Subject,8,3
EXAR024,Exchange Subject,24,3
EXBU006,Exchange Subject,6,3
EXBU008,Exchange Subject,8,3
EXBU024,Exchange Subject,24,3
EXED006,Exchange Subject,6,3
EXED008,Exchange Subject,8,3
EXED024,Exchange Subject,24,3
EXEI006,Exchange Subject,6,3
EXEI008,Exchange Subject,8,3
EXEI024,Exchange Subject,24,3
EXLA006,Exchange Subject,6,3
EXLA008,Exchange Subject,8,3
EXLA024,Exchange Subject,24,3
EXSC006,Exchange Subject,6,3
EXSC008,Exchange Subject,8,3
EXSC024,Exchange Subject,24,3
EXSC330,Exercise Prescription,18,3
EXSC370,Clinical Biomechanics in Exercise Science & Rehabilitation,6,3
EYCA301,Arts-based Pedagogy and Practice,6,3
EYCC302,"Contexts of Development:Interconnections Betw Child,Family&Community",6,3
EYDC301,Birth to 3 Years: Physical Care and Development,6,3
EYER301,Educators as Researchers,6,3
EYFE301,Early Intervention and the Community Context,6,3
EYFE302,Historical and Philosophical Perspectives In Early Years Education,6,3
EYLL302,Birth to 3 Years: Developing  Language Interactions,6,3
EYMP302,Management and Administration in Early Childhood Education and Care,6,3
EYST302,Science & Technology for the Early Years,6,3
FIN 320,Risk and Insurance,6,3
FIN 322,Advanced Corporate Finance,6,3
FIN 323,Portfolio Analysis,6,3
FIN 324,Financial Statement Analysis,6,3
FIN 328,Retirement and Estate Planning,6,3
FIN 329,Advanced Financial Planning,6,3
FREN341,Advanced French 1,6,3
FREN342,Advanced French 2,6,3
GEOG335,Directed Studies in Geography and Sustainable Communities A,6,3
GEOG336,Qualitative Research Design for Social Scientists,6,3
GEOG337,Policy for Environmental and Heritage Management,6,3
GEOG338,Planning Urban Futures,6,3
GEOG339,Geographies of Change: International Fieldwork Intensive,6,3
GEOG351,Directed Studies in Geography and Sustainable Communities B,6,3
GEOG352,Social Science Research Internship,6,3
GEOG353,Qualitative GIS,6,3
GEOG354,Environmental Crime and Justice,6,3
HAS 320,Health and Safety Systems and Theories,6,3
HAS 341,Introduction to Work Injury Management,6,3
HAS 342,Protecting Worker Health,6,3
HAS 346,Social Advocacy,6,3
HAS 347,Social Sciences Project,6,3
HAS 348,Social Innovation and People Centred Design,6,3
HAS 350,Social Determinants of Indigenous Health,6,3
HAS 351,Health Promotion Competencies,6,3
HAS 353,Youth Crime and Justice,6,3
HAS 354,Innovative Justice,6,3
HAS 355,Current Issues in Criminal Justice,6,3
HAS 356,Comparative Social Policy,6,3
HAS 360,Advanced Epidemiology,6,3
HAS 365,Food and Society III: Contemporary Issues and Controversies,6,3
HAS 380,International Social Sciences Project,6,3
HAS 381,Advanced Social Sciences Project,12,3
HAS 390,Community Engagement and Development for Social Change,6,3
HIST305,Europe in World History,6,3
HIST358,War and Society,6,3
HIST359,Empires Colliding: Britain and USA,6,3
HIST362,Controversies in Modern Asia,6,3
HIST371,Twentieth-Century Dictatorships,6,3
HIST385,Special Topics in History,6,3
HIST386,Ancient Texts,6,3
HIST389,Making History,6,3
INDS302,Indigenous Thinkers: Global Perspectives,6,3
INDS305,Research and Indigenous Communities,6,3
INE 301,Fundamentals of Innovation and Entrepreneurship,6,3
INTS301,Senior Seminar in International Studies,6,3
INTS302,International Studies Internship,6,3
INTS303,Australia in the World,6,3
INTS311,"Human Security, Global Capitalism and the Environment",6,3
INTS352,Special Topics in Politics and International Studies,6,3
ISIT302,Corporate Network Management,6,3
ISIT306,Strategic eBusiness Solutions,6,3
ISIT307,Backend Web Programming,6,3
ISIT312,Big Data Management,6,3
ISIT315,Semantic Web,6,3
ISIT328,Corporate Network Security,6,3
ISIT332,Business Process Management,6,3
ISIT343,Programming for Social Innovation,6,3
ITAL330,Advanced Studies in Italian,6,3
ITAL341,Advanced Italian 1,6,3
ITAL342,Advanced Italian 2,6,3
JAPA320,Advanced Readings in Japanese Literature,6,3
JAPA341,Advanced Japanese 1,6,3
JAPA342,Advanced Japanese 2,6,3
JRNL301,Data Journalism Research and Investigation,6,3
JRNL302,Narrative Portfolio,6,3
JRNL303,Journalism Newsroom,6,3
JRNL304,Journalism Internship,6,3
JRNL307,Feature Storytelling,6,3
JRNL313,Podcasting and Audio Journalism Production 2,6,3
JRNL314,Video Journalism Production 2,6,3
JRNL315,Journalism Project,6,3
LANG335,Literature and Society in Renaissance Europe,6,3
LANG364,Advanced Studies in Language/Culture 1,6,3
LANG365,Advanced Studies in Language/Culture 2,6,3
LANG370,The Language Advantage,6,3
LAW 302,Law of Business Organisations,6,3
LAW 303,Family Law,6,3
LAW 308,Administrative Law,6,3
LAW 315,Taxation Law,6,3
LAW 319,International Business Law,6,3
LAW 323,Consumer Protection and Product Liability Law,6,3
LAW 330,Law of Employment,6,3
LAW 331,Intellectual Property Law,6,3
LAW 334,Environmental Law,6,3
LAW 338,International Trade Law,6,3
LAW 343,International Law,6,3
LAW 354,Human Rights Law,6,3
LAW 364,Islamic Law,6,3
LAW 381,Law for Environmental Managers,6,3
LHA 300,Special Topics C,2,3
LHA 302,Dean's Scholars Research Project,6,3
LHA 304,Special Topics D,2,3
LLB 300,Remedies and Civil Procedure,8,3
LLB 301,Evidence,8,3
LLB 302,Law of Business Organisations,8,3
LLB 303,Family Law,8,3
LLB 319,International Business Law,8,3
LLB 323,Consumer Protection and Product Liability Law,8,3
LLB 329,Legal Practice in Rural and Regional Communities,8,3
LLB 330,Law of Employment,8,3
LLB 331,Intellectual Property Law,8,3
LLB 334,Environmental Law,8,3
LLB 339,Contemporary Issues in Criminal Justice,8,3
LLB 343,International Law,8,3
LLB 350,Special Study in Law A,8,3
LLB 354,Human Rights Law,8,3
LLB 355,Bankruptcy and Corporate Insolvency Law and Practice,8,3
LLB 361,Cultural Legal Studies,8,3
LLB 376,Special Studies in Law D,8,3
LLB 377,Special Studies in Law E,8,3
LLB 384,Politics of Justice,8,3
LLB 386,Mooting Competitions,8,3
LLB 397,Legal Internship,2,3
LLB3300,Remedies and Civil Procedure,6,3
LLB3301,Evidence,6,3
LLB3302,Law of Business Organisations,6,3
LLB3303,Family Law,6,3
LLB3319,International Business Law,6,3
LLB3323,Consumer Protection and Product Liability Law,6,3
LLB3330,Law of Employment,6,3
LLB3331,Intellectual Property Law,6,3
LLB3334,Environmental Law,6,3
LLB3339,Contemporary Issues in Criminal Justice,6,3
LLB3341,Taxation Law,6,3
LLB3343,International Law,6,3
LLB3350,Special Study in Law A,6,3
LLB3354,Human Rights Law,6,3
LLB3355,Bankruptcy and Corporate Insolvency Law and Practice,6,3
LLB3361,Cultural Legal Studies,6,3
LLB3364,Islamic Law,6,3
LLB3375,Special Studies in Law C,6,3
LLB3376,Special Studies in Law D,6,3
LLB3377,Special Studies in Law E,6,3
LLB3384,Politics of Justice,6,3
LLB3397,Legal Internship,3,3
LLB3399,"Law, Justice and Professional Practice",3,3
LLB3923,Law of the Sea,8,3
LLB3933,Law of the Sea,6,3
MAND331,Advanced Chinese (Mandarin),6,3
MAND332,Advanced Chinese (Mandarin) 2,6,3
MAND371,Chinese Literature,6,3
MAND372,Chinese in Workplaces,6,3
MARE360,Fisheries and Aquaculture,6,3
MARK301,Digital Marketing,6,3
MARK310,Marketing Effectiveness,6,3
MARK320,Social Marketing,6,3
MARK321,Creative Public Relations Campaigns,6,3
MARK322,Corporate Identity and Branding,6,3
MARK333,Integrated Marketing Communications Strategy,6,3
MARK343,International Marketing,6,3
MARK344,Marketing Strategy,6,3
MARK356,Creating & Marketing New Products,6,3
MARK395,Tourism Marketing,6,3
MATE301,Engineering Alloys,6,3
MATE302,Polymeric Materials,6,3
MATE303,"Ceramics, Glasses and Refractories",6,3
MATE304,Transport Phenomena in Materials Processing,6,3
MATE305,Primary Materials Processing,6,3
MATE306,"Fracture, Failure and Degradation",6,3
MATE381,Experimental Methods and Computing,6,3
MATH300,Complex Analysis,6,3
MATH305,Partial Differential Equations,6,3
MATH312,Advanced Applied Mathematical Modelling,6,3
MATH317,Financial Mathematics,6,3
MATH318,Optimisation and Applications,6,3
MATH319,Advanced Numerical Methods,6,3
MATH322,Algebra,6,3
MATH323,Topology,6,3
MATH326,Analysis on Banach Spaces,6,3
MATH327,Measure and Integration Theory with Probability,6,3
MATH329,Medical Mathematics,6,3
MATH345,Mathematics Project B,6,3
MATH371,Special Topics in Industrial and Applied Mathematics 3,6,3
MATH372,Special Topics in Mathematical Analysis 3,6,3
MATH399,Mathematics Capstone,6,3
MECH311,Mechanical Engineering Design 2,6,3
MECH321,Dynamics of Engineering Systems,6,3
MECH326,Dynamics of Mechanisms,6,3
MECH341,Thermodynamics of Engineering Systems,6,3
MECH343,Heat Transfer and Aerodynamics,6,3
MECH365,Control of Machines and Processes,6,3
MECH372,Solids Handling and Process Engineering,6,3
MECH382,Manufacturing Engineering Principles,6,3
MEDI304,Research Methods and Analysis,6,3
MEDI312,Fundamentals of Neuroscience,6,3
MEDI314,Regional Anatomy,6,3
MEDI322,Advanced Exercise Physiology and Metabolism,6,3
MEDI323,Cardiorespiratory Studies,6,3
MEDI330,Sensorimotor Control of Movement,6,3
MEDI341,Research in Indigenous Health,6,3
MEDI344,Indigenous Community Development: Health Promotion,6,3
MEDI350,Research Projects,12,3
MEDI355,Nutrition and Food Innovation,6,3
MEDI362,Research in Human Nutrition,6,3
MEDI363,Community and Public Health Nutrition,6,3
MEDI369,Nutrition in Practice,6,3
MEDI381,Molecular Basis of Human Disease,6,3
MEDI382,Nature and Nurture in Human Disease,6,3
MGNT311,Management of Change,6,3
MGNT314,Strategic Management,6,3
MGNT321,Workplace Health and Safety Management,6,3
MGNT322,Learning and Development in Organisations,6,3
MGNT341,International and Comparative Human Resource Management,6,3
MGNT351,Responsible Leadership,6,3
MGNT389,International Business Management,6,3
MINE312,Mine Ventilation,6,3
MINE323,Mining Geomechanics,6,3
MINE333,Resource Estimation,6,3
NMIH301,Nursing Care of People with Chronic Conditions,6,3
NMIH302,Mental Health Nursing 2,6,3
NMIH303,Therapeutic Use of Self,6,3
NMIH304,Evidence Appreciation and Application in Health Care Practice,6,3
NMIH305,Nursing Care of People with Complex Conditions,6,3
NMIH306,Challenges of Ageing,6,3
NMIH307,Leadership in Health Care Practice,6,3
NMIH308,Transition to Professional Practice,6,3
NMIH315,Practice Development and Person Centred Nursing,6,3
NMIH316,Innovation in Clinical Practice,6,3
NMIH317,Promoting Clinical Excellence,6,3
NMIH319,Contemporary Research in Practice,12,3
NMIH321,Clinical Practice 2,6,3
NMIH322,Nursing Care of People with Chronic and Complex Conditions,6,3
NMIH323,Primary and Community Health Care Nursing,6,3
NMIH325,Community Development Nursing: Theory and Practice,6,3
OPS 309,Supply Chain Strategies,6,3
OPS 328,Logistics Management,6,3
OPS 350,Continuous Quality Improvement,6,3
OPS 370,Project Management,6,3
PHIL318,"Stories in Our Lives: Mind, Self and Psychosis",6,3
PHIL319,"Political Philosophy: Justice, Equality and Rights",6,3
PHIL320,Philosophy of Medicine: Health and Happiness,6,3
PHIL326,Bioethics,6,3
PHIL327,Special Philosophical Questions,6,3
PHIL328,Applied Philosophy: Philosophy at Work,6,3
PHYS305,Quantum Mechanics,6,3
PHYS306,Project in Physics,6,3
PHYS325,Electromagnetism,6,3
PHYS356,Physics of Detectors and Imaging,6,3
PHYS365,"Detection of Radiation: Neutrons, Electrons and X Rays",6,3
PHYS366,Physics of Radiotherapy,6,3
PHYS375,Nuclear Physics,6,3
PHYS376,Nuclear Fuels Cycle,6,3
PHYS385,Statistical Mechanics,6,3
PHYS390,"Relativity, Astrophysics, and Cosmology",6,3
PHYS396,Electronic Materials,6,3
POL 304,Power and the State,6,3
POL 306,Complex Peace Operations,6,3
POL 309,Global Political Economy,6,3
POL 310,Twentieth Century Dictatorships,6,3
POL 311,Politics of the Middle East,6,3
POL 326,Global Inequality,6,3
POL 328,Special Topics in Politics and International Studies,6,3
POL 345,Politics Internship,6,3
POL 346,Australian National Internship Program,12,3
PPE 300,"Critical Issues in Politics, Philosophy and Economics",12,3
PPE 302,"Critical Issues in Politics, Philosophy and Economics-Deans Scholars",12,3
PSYC324,Assessment and Intervention,6,3
PSYC325,History and Philosophy of Psychology,6,3
PSYC326,Design and Analysis,6,3
PSYC327,Advanced Topics in Cognition,6,3
PSYC328,Visual Perception,6,3
PSYC329,Psychophysiology,6,3
PSYC330,Social Behaviour and Individual Differences,6,3
PSYC345,Advanced Topics in Cognition,8,3
PSYC347,Assessment and Intervention,8,3
PSYC348,History and Metatheory of Psychology,8,3
PSYC349,Visual Perception,8,3
PSYC350,Social Behaviour and Individual Differences,8,3
PSYC352,Psychophysiology,8,3
PSYC354,Design and Analysis,8,3
PSYC355,Forensic Psychology,8,3
PSYC356,Topics in Applied Psychology,8,3
PSYC357,Forensic Psychology,6,3
PSYC358,Applied Psychology,6,3
PSYC359,Psychopharmacology,6,3
PSYC360,Research Internship in Psychology,6,3
PSYC361,Child Development,6,3
SCIE302,Directed Studies in Science,6,3
SCII302,Science Interdisciplinary Project,6,3
SCIP300,Advanced Chemistry and Molecular Bioscience Project,6,3
SCIP310,"Advanced Earth, Atmospheric and Life Sciences Project",6,3
SOC 328,Sociology Capstone,6,3
SOC 329,Globalisation and Social Transformation,6,3
SOC 344,"Emotions, Bodies & Society",6,3
SOC 347,"Sociology of Health, Illness and Medicine",6,3
SOC 352,"Power, Resistance and Society",6,3
SOC 356,Cultures of Dispossession,6,3
SOWK305,Social Work Ethics,6,3
SOWK310,Supervised Professional Practice 1,18,3
SOWK335,Fields of Practice: Mental Health,6,3
SOWK336,Approaches and Skills: Working with Individuals and Families II,6,3
SOWK337,Practice with Aboriginal and Torres Strait Islander Peoples,6,3
SOWK338,"Fields of Practice: Children, Families, and their Well-being",6,3
SOWK340,"Fields of Practice: Health, Aging and Disability",6,3
SOWK343,Supervised Professional Practice I,12,3
SPAN341,Advanced Spanish 1,6,3
SPAN342,Advanced Spanish 2,6,3
STAT301,Statistical Methods for Data Science,6,3
STAT304,Stochastic Methods in Statistical Analysis,6,3
STAT332,Generalised Linear Models,6,3
STAT335,Sample Surveys and Experimental Design,6,3
STAT345,Statistics Project B,6,3
STAT353,Applied Data Analysis and Model Building,6,3
STAT373,Special Topics in Probability and Statistics 3,6,3
STAT374,Special Topics in Applied Statistics 3,6,3
STC 341,"Independent Research in SOC, STS and CST Studies",6,3
STS 302,"Climate Change Policy, Possible Futures",6,3
VCD 301,Professional Design Practice,6,3
VCD 302,Motion Design,6,3
VCD 390,Advanced Design Project,6,3
AIIM410,Advanced materials: synthesis and fabrication,6,4
AIIM411,"Advanced Materials: Devices, Performance and Applications",6,4
AIIM414,Literature Report on contemporary topic in Innovative Materials,12,4
BIOL405,Preliminary Research  Project,12,4
BIOL410,Conservation Biology  Project,48,4
BIOL416,Conservation Biology  Project (Part-Time),24,4
BMEG401,Artificial Organs and Implants,6,4
BMEG402,Ethics and Practices in Biomedical Engineering,6,4
CHEM470,Selected Topics in Medicinal Chemistry,12,4
CHEM480,Medicinal Chemistry Project,36,4
CIVL444,Civil Engineering Design,6,4
CIVL454,Structures 2,6,4
CIVL458,Fundamentals of Construction Management,6,4
CIVL462,Principles of Foundation Engineering,6,4
CIVL463,Applied Geotechnical Engineering,6,4
CIVL489,Sustainable Roads & Railway Engineering,6,4
CIVL491,Applied Finite Element Analysis for Civil Engineers,6,4
CSCI410,"Software Requirements, Specifications and Formal Methods",6,4
CSCI412,Special Topics in CS & SE B,6,4
CSCI424,Reasoning and Learning,6,4
CSCI426,Software Testing and Analysis,6,4
CSCI427,Service-Oriented Software Engineering,6,4
CSCI433,Machine Learning Algorithms and Applications,6,4
CSCI435,Computer Vision Algorithms and Systems,6,4
CSCI444,Perception and Planning,6,4
CSCI446,Big Data Analytics,6,4
CSCI464,Computational Intelligence,6,4
CSCI468,Advanced Network Security,6,4
CSCI471,Advanced Computer Security,6,4
DIET454,Practical Studies in Nutrition and Dietetics,24,4
DIET460,Dietetics Research Practice,48,4
DIET461,Dietetics Research Project,18,4
DIET466,Food Service Dietetics,6,4
DIET467,Dietetics Care 1,12,4
DIET468,Dietetics Care 2,12,4
ECON403,Special Topics in Economics A,6,4
ECON404,Special Topics in Economics B,6,4
ECTE401,Multimedia Signal Processing,6,4
ECTE423,Power System Analysis,6,4
ECTE426,Power Distribution Systems,6,4
ECTE429,Smart Power Grids,6,4
ECTE432,Computer Architecture,6,4
ECTE433,Embedded Systems,6,4
ECTE441,Intelligent Control,6,4
ECTE442,Computer Controlled Systems,6,4
ECTE451,Engineering Project 1,6,4
ECTE458,Engineering Project 2,12,4
ECTE465,Wireless Communication Systems,6,4
ECTE469,Queuing Theory and Optimization,6,4
ECTE471,Robotics and Flexible Automation,6,4
ECTE474,Internet of Things,6,4
ECTE477,Programming Autonomous Systems,6,4
ECTE482,Network Engineering,6,4
EDAW401,Aboriginal Ways of Knowing and Learning,6,4
EDEC402,Programming for Individuals with High Support Needs,6,4
EDEI411,ICT in Education - Project,6,4
EDEL402,Critical Viewing and Production in the Primary years,6,4
EDEM401,Mathematics Education Elective 2,6,4
EDEM402,Quality Teaching in Mathematics,6,4
EDEP402,PDHPE: Coaching and Sport Administration - Elective C,6,4
EDFE401,Educational Foundations: Sociology and Cultural Studies of Education,6,4
EDIC401,Effective use of ICT for Teaching & Learning,6,4
EDIP412,Independent Project: Learning Across the Curriculum,6,4
EDLE401,Learners with Extra Support Needs,6,4
EDOP400,International Professional Experience and Cultural Immersion,6,4
EDPD401,Professional Development 3,6,4
EDPD402,Professional Development 4,12,4
EDPE403,Intervention Skills for Teachers,6,4
EDPH401,Application of Health Education in School and Community Settings,6,4
EDPP403,The Physical and Health Education Internship,12,4
EDPR401,Honours Thesis,18,4
EDPS401,Quality Teaching and Learning in Secondary Education III,6,4
EDPS402,"Leadership,Management & Professional Learning in Secondary Education",12,4
EDRT401,Honours Thesis Primary,24,4
EDSM401,Mathematics Pedagogy 2,6,4
EDSS401,Science Pedagogy 2,6,4
EDUP430,Project in Physical and Health Education,12,4
EESC405,Preliminary Research  Project,12,4
ENGG433,Financial Management for Engineers,6,4
ENGG434,Introduction to Materials Welding and Joining,6,4
ENGG439,Engineering Logistics and Operations Management,6,4
ENGG440,Strategic Management of Engineering,6,4
ENGG447,Advanced Building Design for Energy Efficiency and Sustainability,6,4
ENGG452,Thesis A,12,4
ENGG453,Thesis B,18,4
ENGG454,Professional Experience,0,4
ENGG455,Professional Option 4,6,4
ENGG456,Engineering Project A,6,4
ENGG457,Engineering Project B,6,4
ENGG461,Managing Engineering Projects,6,4
ENGG472,Humanitarian Engineering,6,4
ENVE410,Site Remediation Engineering,6,4
ENVE420,Water Resources Engineering,6,4
ENVE421,Environmental Engineering Design 2,6,4
EXSC420,Clinical Exercise Physiology,24,4
EXSC423,Clinical Practicum,18,4
EXSC424,Advanced Workplace Injury Management for Exercise Physiologists,6,4
EYEK402,Engaging Koori Kids and their Families,6,4
EYLL402,Children's Literature in the Early Years,6,4
EYMP402,Advocacy and Leadership in Early Childhood,6,4
EYPD401,Early Years Project,12,4
EYRT401,Early Childhood Honours Thesis,24,4
EYTE401,Contemporary Theories and Practice in Early Childhood,6,4
EYTS401,Transition to School,6,4
FEIS400,Lean Engineering Start Up,12,4
GEOG401,Human Geography Honours Full-time,48,4
GEOG404,Human Geography Honours Part 1 (Part-time Students),24,4
GEOG405,Human Geography Honours Part 2 (Part-time Students),24,4
HAS 400,Honours,48,4
HAS 402,Honours Part 1 (Part-time Students),24,4
HAS 403,Honours Part 2 (Part-time Students),24,4
INFO401,Mathematics and Finance Honours Project,12,4
INFO411,Data Mining and Knowledge Discovery,6,4
INFO412,Mathematics for Cryptography,6,4
ISIT401,Information Systems Strategic Planning,6,4
ISIT404,Enterprise Architecture Design and Systems Integration,6,4
ISIT406,Information Design and Content Management,6,4
ISIT408,IT Governance,6,4
ISIT410,IT-enabled Supply Chain Management,6,4
ISIT417,Business Intelligence and Knowledge Management,6,4
ISIT429,Concepts and Issues in Healthcare Computing,6,4
ISIT430,Introduction to Health Informatics,6,4
ISIT437,Information Technology Security and Risk Management,6,4
ISIT438,eBusiness Technologies,6,4
ISIT446,Project and Change Management,6,4
ISIT450,Information Systems & Technology Research Report,18,4
LHA 401,"The Writer: Critic, Analyst, Voice",12,4
LHA 402,"The Researcher: People, Places, Methods",12,4
LHA 403,The Project and the Plan,12,4
LHA 406,Research in the Humanities,12,4
MATE401,Selection of Materials in Engineering Design,6,4
MATE402,Secondary Materials Processing,6,4
MATE411,Advanced Materials and Processing,6,4
MATE412,Electronic Materials,6,4
MATE413,Structural Characterisation Techniques,6,4
MATE422,Iron and Steelmaking,6,4
MATE433,Surface Engineering,6,4
MATH407,Research Methods,6,4
MATH451,Advanced Topics in Mathematics A,12,4
MATH452,Advanced Topics in Mathematics B,12,4
MATH471,Honours Topics in Mathematics A,6,4
MATH472,Honours Topics in Mathematics B,6,4
MATH491,Mathematics Honours Thesis,12,4
MATH492,Mathematics Advanced Honours Thesis,18,4
MATH493,Medical Mathematics Honours Thesis,12,4
MECH409,Micro/Nano Robotic Systems,6,4
MECH419,Finite Element Methods in Engineering,6,4
MECH421,Manufacturing Process Analysis,6,4
MECH423,Design for Manufacturing,6,4
MECH426,"Storage, Flow and Mechanical Conveying of Bulk Solids",6,4
MECH442,Sustainable Energy in Buildings,6,4
MECH470,Applied Topics in Mechatronics,6,4
MECH474,Reliability Engineering,6,4
MECH487,Systems Analysis for Maintenance Management,6,4
MECH489,Engineering Asset Management,6,4
MEDI405,Preliminary Research  Project,12,4
MINE416,Mine Valuation,6,4
MINE422,Mine Planning and Development,6,4
PHYS402,Atmospheric Remote Sensing and Inverse Methods,6,4
PHYS457,Research Project,24,4
PHYS458,Research Project,12,4
PHYS461,Radiobiology and Radiation Protection,6,4
PHYS462,Medical Imaging,6,4
PHYS463,Nuclear Medicine,6,4
PHYS466,Research Methods,6,4
PHYS472,Relativity and Cosmology,3,4
PHYS473,Electromagnetism,3,4
PHYS474,Quantum Mechanics,6,4
PHYS476,Solid State Physics,6,4
RESH402,Responsible Research,6,4
RESH403,BRes Research Proposal,6,4
RESH404,iAccelerate/Start-up Learning Program,6,4
SCIE404,Research Frontiers in Science,6,4
SMAH402,Perspectives in science: A critical appraisal of conspiracy theories,6,4
SMAH404,Critical thinking and innovation in Science,6,4
SOWK402,Collaborative Research Approaches,6,4
SOWK404,Approaches and Skills: Community Work,6,4
SOWK406,Advanced Social Work Practice and Skills,12,4
SOWK408,Social Work Honours Research,12,4
SOWK409,Advanced Practice in Social Work (Honours),6,4
SOWK410,Supervised Professional Practice II,18,4
SOWK442,International Social Work,6,4
STAT451,Advanced Topics in Statistics A,12,4
STAT452,Advanced Topics in Statistics B,12,4
STAT491,Statistics Honours Thesis,12,4
STAT492,Statistics Advanced Honours Thesis,18,4
STAT493,Medical Statistics Honours Thesis,12,4
